label,width,height,aspect_ratio
Leptophlebiidae sp,600.0,450.0,1.3333333333333333
Leuctra sp,600.0,338.0,1.775147928994083
Limnius sp,600.0,338.0,1.7751479289940828
